{
    "nombre_total": 6,
    "note_moyenne": 12.416666666666666,
    "note_max": 16.0,
    "note_min": 8.5,
    "taux_reussite_pourcent": 66.66666666666666
}